layer,linear_p,linear_q_bh,linear_r,linear_r2,linear_significant_q05,linear_slope_per_deg,metric,model,spearman_p,spearman_q_bh,spearman_rho,spearman_significant_q05
0,5.404763240002934e-08,6.805998154077769e-08,0.563117867719697,0.3171017329451781,True,116.50977603761896,vector_response_norm,PT,1.2891316859934094e-07,1.3697024163679976e-07,0.5496472039023016,True
1,5.237980262631729e-08,6.805998154077769e-08,0.5635926299498153,0.31763665253374945,True,134.98290229415272,vector_response_norm,PT,1.9354829201755095e-07,1.9941339177565857e-07,0.5431402383964944,True
2,2.1009071479886936e-08,3.571542151580779e-08,0.5771114942615289,0.3330576768087746,True,201.7404974784174,vector_response_norm,PT,2.6448487941556076e-08,4.339882877724124e-08,0.5737612525414695,True
3,2.9193152825350155e-08,4.31550954809524e-08,0.5723130214514701,0.3275421945229109,True,257.03441570730837,vector_response_norm,PT,8.724297895299195e-08,9.88753761467242e-08,0.5557714067312965,True
4,3.8077819854114484e-08,5.17858350015957e-08,0.5683807928389836,0.32305672566827154,True,536.796674551354,vector_response_norm,PT,5.034337519363358e-08,6.339536135494599e-08,0.5641921856211647,True
5,2.4888101749046618e-08,3.846342997579932e-08,0.5746497230669051,0.33022230422087073,True,776.9239759640074,vector_response_norm,PT,1.4362314736328298e-08,4.034003758738975e-08,0.5825647941081498,True
6,5.979558639179396e-08,7.260892633289266e-08,0.5615819845820553,0.31537432540711985,True,876.6373513018258,vector_response_norm,PT,7.155876791106059e-08,8.689278960628785e-08,0.5588335081457941,True
7,3.061184079458489e-08,4.3366774458995264e-08,0.5716144997133445,0.32674313628253715,True,1080.6386125368456,vector_response_norm,PT,2.935803123166319e-08,4.339882877724124e-08,0.5722302018342207,True
8,1.929339345812063e-08,3.452501987242639e-08,0.5783416465291975,0.33447906011010325,True,1129.1001250031445,vector_response_norm,PT,3.3424164914840146e-08,4.7350900296023536e-08,0.5703163884501598,True
9,2.4107867926344765e-08,3.846342997579932e-08,0.5751140511013607,0.33075617177421857,True,1397.2856320861476,vector_response_norm,PT,2.935803123166319e-08,4.339882877724124e-08,0.5722302018342207,True
10,5.332273257289953e-09,1.9999541021349892e-08,0.5963166440707511,0.3555935399958029,True,1387.4752905208943,vector_response_norm,PT,1.779707540620136e-08,4.034003758738975e-08,0.5795026926936523,True
11,2.3924986635447423e-09,1.626899091210425e-08,0.6069857095033916,0.36843165154133567,True,1692.4580778510274,vector_response_norm,PT,4.489254291155752e-09,2.374404419443826e-08,0.5986408265342616,True
12,7.510210706471408e-09,1.9999541021349892e-08,0.5916355190459854,0.3500325873968126,True,1810.696628348042,vector_response_norm,PT,1.4754261168062715e-08,4.034003758738975e-08,0.5821820314313376,True
13,6.517064214298397e-09,1.9999541021349892e-08,0.5935832685905679,0.3523410967506622,True,1989.529598655502,vector_response_norm,PT,8.553864748613047e-09,3.6353925181605454e-08,0.5898372849675814,True
14,8.948808998716075e-09,1.9999541021349892e-08,0.5892109206468602,0.3471695090095206,True,2210.0144705833222,vector_response_norm,PT,1.4754261168062715e-08,4.034003758738975e-08,0.5821820314313376,True
15,8.477794653940837e-09,1.9999541021349892e-08,0.5899610873465398,0.3480540845831116,True,2210.20675950176,vector_response_norm,PT,1.779707540620136e-08,4.034003758738975e-08,0.5795026926936523,True
16,9.947631565033463e-09,1.9999541021349892e-08,0.5877373155664815,0.3454351521092938,True,2055.009862077764,vector_response_norm,PT,2.7149014023374855e-08,4.339882877724124e-08,0.5733784898646572,True
17,8.51881384267108e-09,1.9999541021349892e-08,0.5898941986404572,0.3479751655896672,True,2126.4386855023495,vector_response_norm,PT,2.4448605681856327e-08,4.339882877724124e-08,0.574909540571906,True
18,8.379632251078145e-09,1.9999541021349892e-08,0.5901224182995323,0.34824446857968816,True,2015.4741724401147,vector_response_norm,PT,4.106318809418558e-08,5.584593580809239e-08,0.5672542870356623,True
19,4.867032801852733e-09,1.9999541021349892e-08,0.5975519121386679,0.35706828770057825,True,1961.2275505393038,vector_response_norm,PT,2.0326708150127223e-08,4.0653416300254446e-08,0.5775888793095914,True
20,5.819698591330467e-09,1.9999541021349892e-08,0.595128178300211,0.3541775486069278,True,1848.564610149062,vector_response_norm,PT,1.687164148744085e-08,4.034003758738975e-08,0.5802682180472767,True
21,6.772841455661343e-09,1.9999541021349892e-08,0.5930559056650401,0.35171530724418093,True,1859.6625104928382,vector_response_norm,PT,2.5098680486274944e-08,4.339882877724124e-08,0.5745267778950939,True
22,9.999770510674946e-09,1.9999541021349892e-08,0.5876643222612116,0.3453493556587291,True,1728.3593860996357,vector_response_norm,PT,1.4362314736328298e-08,4.034003758738975e-08,0.5825647941081498,True
23,8.749300452761988e-10,1.4221146809599214e-08,0.6198410863959458,0.38420297238450635,True,1971.409789022211,vector_response_norm,PT,2.1781523221408828e-09,2.33962648029635e-08,0.6082098934545663,True
24,1.1443078154342428e-09,1.4221146809599214e-08,0.6164672030362356,0.3800318124193193,True,1796.8091209475133,vector_response_norm,PT,3.782126393087536e-09,2.374404419443826e-08,0.6009374025951347,True
25,1.2548070714352249e-09,1.4221146809599214e-08,0.6152991944449382,0.37859309868458985,True,1663.8110526620364,vector_response_norm,PT,2.7525017415251176e-09,2.33962648029635e-08,0.6051477920400689,True
26,2.328961114041845e-09,1.626899091210425e-08,0.6073372928196474,0.36885858724949816,True,1516.942425320319,vector_response_norm,PT,1.6199765230430178e-09,2.33962648029635e-08,0.6120375202226882,True
27,1.1254853291337392e-08,2.125916732808174e-08,0.5860085507771892,0.3434060215839815,True,1317.9574566993106,vector_response_norm,PT,4.88847968709023e-09,2.374404419443826e-08,0.5974925385038251,True
28,1.526363856426653e-07,1.7895300385691794e-07,0.5469592245931691,0.29916439336756084,True,1064.629695013235,vector_response_norm,PT,8.724297895299195e-08,9.88753761467242e-08,0.5557714067312965,True
29,1.9932652582653247e-07,2.259033959367368e-07,0.5426638335700638,0.29448403626495784,True,1032.4629084536207,vector_response_norm,PT,1.0359386075065083e-07,1.1361907308135898e-07,0.5530920679936113,True
30,2.689287260081924e-07,2.9495408658963036e-07,0.5377711547177587,0.28919781484647156,True,1037.3115743525204,vector_response_norm,PT,4.547885926518623e-08,5.947235442370506e-08,0.5657232363284136,True
31,9.75687476037023e-07,1.036667943289337e-06,0.51579271492213,0.26604212476674166,True,620.0419483696169,vector_response_norm,PT,1.9794884199605702e-08,4.0653416300254446e-08,0.5779716419864035,True
32,3.1005726893849133e-06,3.1945294375480926e-06,0.4946710324900869,0.24469943038480862,True,536.6997909047025,vector_response_norm,PT,2.7525017415251176e-09,2.33962648029635e-08,0.6051477920400689,True
33,0.000495916439879069,0.000495916439879069,0.3806294785394839,0.14487879993323946,True,438.4962435241221,vector_response_norm,PT,1.0087087286649732e-05,1.0087087286649732e-05,0.47156361783261536,True
0,4.987704931492857e-08,5.872623449259895e-08,0.5643327184284486,0.31847141708884263,True,2.6102404284922494,abs_rms_delta,PT,9.392551929149063e-08,1.1011957434174764e-07,0.5546231187008601,True
1,5.0090023537804986e-08,5.872623449259895e-08,0.5642683819380082,0.31839880685493793,True,2.9839785210323733,abs_rms_delta,PT,1.0615448706755755e-07,1.1642750194506312e-07,0.5527093053167992,True
2,2.349595395758026e-08,3.994312172788644e-08,0.5754883237517201,0.33118681077456463,True,4.296222091981499,abs_rms_delta,PT,2.2004977107216226e-08,4.6567037377537214e-08,0.5764405912791547,True
3,3.238930244423006e-08,4.787983839581835e-08,0.5707815424771334,0.3257915692325757,True,5.3829760251727965,abs_rms_delta,PT,6.475945479510605e-08,8.361394994347236e-08,0.5603645588530429,True
4,4.063581531883776e-08,5.3139143109249376e-08,0.5674106822996593,0.3219548823877649,True,10.847886075147827,abs_rms_delta,PT,4.2127237553757295e-08,5.968025320115617e-08,0.56687152435885,True
5,2.778565613692682e-08,4.294146857525054e-08,0.5730386952598954,0.32837334626516324,True,15.660922265771337,abs_rms_delta,PT,1.3980294980842202e-08,4.438874335309837e-08,0.5829475567849619,True
6,6.782609496030673e-08,7.438991060162673e-08,0.5596560018787397,0.31321484043889586,True,17.744188445266225,abs_rms_delta,PT,6.639931319040452e-08,8.361394994347236e-08,0.5599817961762308,True
7,3.4280348773880116e-08,4.8563827429663496e-08,0.569941784997165,0.3248336382857546,True,21.72017322133095,abs_rms_delta,PT,2.935803123166319e-08,4.6567037377537214e-08,0.5722302018342207,True
8,2.222658772078497e-08,3.977389381614153e-08,0.5762952365654123,0.3321161996879845,True,22.76396351766526,abs_rms_delta,PT,3.013161242075937e-08,4.6567037377537214e-08,0.5718474391574085,True
9,2.724652185280031e-08,4.294146857525054e-08,0.5733259587064525,0.3287026549266729,True,28.093376283925636,abs_rms_delta,PT,2.6448487941556076e-08,4.6567037377537214e-08,0.5737612525414695,True
10,5.803818722186676e-09,2.1550499937833865e-08,0.5951653761479542,0.3542218249653358,True,27.741431523794013,abs_rms_delta,PT,1.82777178512758e-08,4.438874335309837e-08,0.57911993001684,True
11,2.7430962751003877e-09,1.865305467068264e-08,0.60519281245331,0.3662583402451473,True,33.984950911414664,abs_rms_delta,PT,4.240594132152369e-09,2.966999674158222e-08,0.599406351887886,True
12,8.718647809899336e-09,2.1550499937833865e-08,0.5895726631645924,0.34759592515098997,True,36.3357107723019,abs_rms_delta,PT,1.3607963226842466e-08,4.438874335309837e-08,0.5833303194617742,True
13,7.122426292176713e-09,2.1550499937833865e-08,0.5923650384259899,0.35089633874942444,True,39.756249761235544,abs_rms_delta,PT,8.320756399731683e-09,4.0415102512982464e-08,0.5902200476443936,True
14,1.014141173545123e-08,2.1550499937833865e-08,0.5874678432655187,0.34511846687104003,True,44.3449123708009,abs_rms_delta,PT,1.4754261168062715e-08,4.438874335309837e-08,0.5821820314313376,True
15,9.982039825779895e-09,2.1550499937833865e-08,0.5876891040346266,0.34537848300102214,True,44.460736771352856,abs_rms_delta,PT,1.687164148744085e-08,4.438874335309837e-08,0.5802682180472767,True
16,1.177138752112359e-08,2.223484309545567e-08,0.5853777328150196,0.3426670900756525,True,41.43846201158764,abs_rms_delta,PT,2.78671655003189e-08,4.6567037377537214e-08,0.5729957271878451,True
17,9.463788732942023e-09,2.1550499937833865e-08,0.5884326246642296,0.34625295376923415,True,42.85754177721814,abs_rms_delta,PT,2.5765177136378432e-08,4.6567037377537214e-08,0.5741440152182816,True
18,9.250548777924056e-09,2.1550499937833865e-08,0.5887498799682673,0.3466264211626492,True,40.94360020806331,abs_rms_delta,PT,4.002471488693822e-08,5.91669698328652e-08,0.5676370497124744,True
19,5.15073292640854e-09,2.1550499937833865e-08,0.5967859470051754,0.356153466542864,True,40.12041745154575,abs_rms_delta,PT,2.0326708150127223e-08,4.6073871806955036e-08,0.5775888793095914,True
20,6.192592876309785e-09,2.1550499937833865e-08,0.5942814131657712,0.35317039803430605,True,38.18544193964182,abs_rms_delta,PT,1.7328478776479816e-08,4.438874335309837e-08,0.5798854553704644,True
21,7.352524713441069e-09,2.1550499937833865e-08,0.5919277332362061,0.35037844137415314,True,38.93649159126676,abs_rms_delta,PT,2.935803123166319e-08,4.6567037377537214e-08,0.5722302018342207,True
22,1.07940520911516e-08,2.15881041823032e-08,0.5865950286234484,0.3440937276057442,True,37.03851449134799,abs_rms_delta,PT,1.515637848801685e-08,4.438874335309837e-08,0.5817992687545254,True
23,9.858265335280233e-10,9.79768648197382e-09,0.6183459954889438,0.38235177013721283,True,42.455723196088975,abs_rms_delta,PT,2.1781523221408828e-09,2.966999674158222e-08,0.6082098934545663,True
24,1.0960185195947309e-09,9.79768648197382e-09,0.6170118701796578,0.3807036479425988,True,40.35588121935472,abs_rms_delta,PT,4.363234814938562e-09,2.966999674158222e-08,0.5990235892110739,True
25,1.1526689978792731e-09,9.79768648197382e-09,0.6163751319473584,0.3799183032831234,True,38.899897088323996,abs_rms_delta,PT,2.6735085531195414e-09,2.966999674158222e-08,0.6055305547168811,True
26,1.1077867368373813e-09,9.79768648197382e-09,0.6168770505453889,0.38053729548957826,True,37.64723871722581,abs_rms_delta,PT,1.6199765230430178e-09,2.966999674158222e-08,0.6120375202226882,True
27,3.7063908766106298e-09,2.1002881634126903e-08,0.6012072406642479,0.3614501462271189,True,34.57098634753839,abs_rms_delta,PT,6.850578344126068e-09,3.8819943950047716e-08,0.5928993863820788,True
28,3.730708197649202e-08,5.073763148802915e-08,0.5686852584132347,0.3234029231365275,True,29.947163490346693,abs_rms_delta,PT,1.385846669296209e-07,1.427842022911246e-07,0.5484989158718651,True
29,4.8017591477273584e-08,5.872623449259895e-08,0.5649057899285994,0.3191185514948549,True,29.63750001796048,abs_rms_delta,PT,1.3206355624682777e-07,1.403175285122545e-07,0.5492644412254895,True
30,6.262743710954351e-08,7.097776205748265e-08,0.5608761995899932,0.3145821112665139,True,30.05207546991909,abs_rms_delta,PT,8.304138973611452e-08,1.008359732509962e-07,0.5565369320849209,True
31,2.347512110546337e-07,2.4942316174554834e-07,0.5400011608650851,0.2916012537356395,True,20.996964205735505,abs_rms_delta,PT,1.0109190856260888e-07,1.1457082970429006e-07,0.5534748306704235,True
32,6.057663891936634e-07,6.241229464419563e-07,0.5241034019159625,0.2746843758998849,True,19.639601752894364,abs_rms_delta,PT,5.857663384902149e-08,7.966422203466923e-08,0.5618956095602916,True
33,0.0005413500284248498,0.0005413500284248498,0.3782515720835902,0.14307425178370745,True,15.2265516093006,abs_rms_delta,PT,0.00010731446690298056,0.00010731446690298056,0.4195078937861578,True
0,7.632307786671003e-08,8.370918217639166e-08,-0.5578409510511195,0.31118652666961755,True,-2.9511632501872405,signed_rms_delta,PT,1.1988407415976446e-07,1.2737682879474973e-07,-0.5507954919327382,True
1,7.357941987324824e-08,8.339000918968134e-08,-0.5584051021886904,0.3118162581503618,True,-3.3665760966858387,signed_rms_delta,PT,1.3528685913470003e-07,1.3938646092666064e-07,-0.5488816785486773,True
2,3.373940522895822e-08,4.588559111138318e-08,-0.5701774122673936,0.3251022814599413,True,-4.784346354504804,signed_rms_delta,PT,2.3196195349518257e-08,3.114212875074427e-08,-0.5756750659255303,True
3,4.200907989226938e-08,5.101102558346996e-08,-0.5669135719603984,0.3213909980728978,True,-6.162252560045004,signed_rms_delta,PT,8.724297895299195e-08,9.568584788392665e-08,-0.5557714067312965,True
4,5.8117250110899884e-08,6.813746564726192e-08,-0.5620154153495377,0.31586132709051334,True,-12.420490831601008,signed_rms_delta,PT,4.908288364263365e-08,5.754544978791531e-08,-0.5645749482979769,True
5,3.690696147500002e-08,4.826294962115388e-08,-0.5688456843959063,0.32358541265584706,True,-17.794473559619796,signed_rms_delta,PT,1.3607963226842466e-08,1.9277947904693493e-08,-0.5833303194617742,True
6,7.952476002707641e-08,8.449505752876868e-08,-0.5572064690710912,0.3104790491746729,True,-19.983530157161226,signed_rms_delta,PT,6.315810436700831e-08,7.157918494927609e-08,-0.5607473215298552,True
7,4.033864146154836e-08,5.0796807766394236e-08,-0.5675203560214949,0.3220793544987643,True,-24.821213460978232,signed_rms_delta,PT,2.5765177136378432e-08,3.2445037875439506e-08,-0.5741440152182816,True
8,2.8168675626778816e-08,4.1640650926542596e-08,-0.5728378167638799,0.32814316431480844,True,-25.558614819858164,signed_rms_delta,PT,2.7149014023374855e-08,3.296665988552661e-08,-0.5733784898646572,True
9,3.2213324681580204e-08,4.563554329890529e-08,-0.5708620447083798,0.32588347408863216,True,-31.835477690844915,signed_rms_delta,PT,2.3814569044686795e-08,3.114212875074427e-08,-0.5752923032487183,True
10,7.687719132746263e-09,1.9125987755359453e-08,-0.591313487327973,0.34965164029596885,True,-33.2110471257383,signed_rms_delta,PT,9.550038547047166e-09,1.803896169997798e-08,-0.5883062342603326,True
11,4.87438134511214e-09,1.8593397205166326e-08,-0.5975315403523072,0.3570439417158009,True,-38.71039141451689,signed_rms_delta,PT,3.892093261532818e-09,1.401223656339518e-08,-0.6005546399183226,True
12,1.2828253781227515e-08,2.2955822555880817e-08,-0.5841652794155153,0.3412490736746071,True,-40.99723941435526,signed_rms_delta,PT,1.2546789827482454e-08,1.9277947904693493e-08,-0.5844786074922106,True
13,1.251100192594626e-08,2.2955822555880817e-08,-0.5845189256062063,0.3416623743918338,True,-44.61797760477052,signed_rms_delta,PT,7.447459750745704e-09,1.582585197033462e-08,-0.5917510983516423,True
14,1.3606635822822463e-08,2.3131280898798188e-08,-0.5833317018104757,0.3402758743371057,True,-50.158269171861235,signed_rms_delta,PT,1.1883643822841623e-08,1.9240185236981675e-08,-0.585244132845835,True
15,1.2757038663828936e-08,2.2955822555880817e-08,-0.5842439333321383,0.34134097363540805,True,-50.89209330455399,signed_rms_delta,PT,1.1564723442974778e-08,1.9240185236981675e-08,-0.5856268955226472,True
16,1.4337892948309382e-08,2.3213731440119953e-08,-0.582588971643767,0.33940990988094194,True,-49.699168482068444,signed_rms_delta,PT,1.3245086219012395e-08,1.9277947904693493e-08,-0.5837130821385863,True
17,1.1731826494577512e-08,2.2955822555880817e-08,-0.5854251050520405,0.34272255362519266,True,-54.42266835173871,signed_rms_delta,PT,9.038883845239591e-09,1.803896169997798e-08,-0.589071759613957,True
18,9.081057888285633e-09,2.0583731213447437e-08,-0.5890070564800483,0.34692931258329074,True,-53.90406591020566,signed_rms_delta,PT,1.008866153407579e-08,1.8053394324135623e-08,-0.5875407089067082,True
19,6.2321037346883574e-09,1.9125987755359453e-08,-0.5941945595549136,0.3530671746046578,True,-52.90934333193416,signed_rms_delta,PT,5.4736973466152375e-09,1.5508809148743173e-08,-0.5959614877965764,True
20,5.468646236813625e-09,1.8593397205166326e-08,-0.5959740211144944,0.3551850338433798,True,-51.33232839972019,signed_rms_delta,PT,4.121246048057406e-09,1.401223656339518e-08,-0.5997891145646983,True
21,7.456815458166875e-09,1.9125987755359453e-08,-0.5917338075802405,0.3501488990334091,True,-50.634936350325944,signed_rms_delta,PT,7.044280550375189e-09,1.582585197033462e-08,-0.5925166237052667,True
22,7.875406722795068e-09,1.9125987755359453e-08,-0.5909806073064963,0.34925807821235516,True,-49.950102203133866,signed_rms_delta,PT,2.7525017415251176e-09,1.3369294173121998e-08,-0.6051477920400689,True
23,1.1168275240511788e-09,7.594427163548015e-09,-0.616774403428352,0.3804106647243995,True,-55.350788769771526,signed_rms_delta,PT,4.195242517047245e-10,2.8527649115921268e-09,-0.6288790780024245,True
24,7.850520783334498e-10,6.6729426658343234e-09,-0.6211922792556872,0.3858798478068757,True,-53.6004683860177,signed_rms_delta,PT,3.358379896454547e-10,2.8527649115921268e-09,-0.6315584167401098,True
25,6.837926251173851e-10,6.6729426658343234e-09,-0.6229044140583637,0.38800990905339344,True,-51.41980087678568,signed_rms_delta,PT,1.7573411819305673e-10,1.9916533395213096e-09,-0.6392136702763536,True
26,3.756971821205355e-10,6.6729426658343234e-09,-0.6302110263714388,0.3971659377601423,True,-50.84966675099844,signed_rms_delta,PT,6.881028719166864e-11,1.9916533395213096e-09,-0.6499310252270949,True
27,7.604908521244424e-10,6.6729426658343234e-09,-0.621587288985767,0.3863707578286754,True,-47.66534062283661,signed_rms_delta,PT,1.592163745384727e-10,1.9916533395213096e-09,-0.6403619583067902,True
28,5.074520697198022e-09,1.8593397205166326e-08,-0.5969876825829733,0.3563942931557889,True,-42.55743828111991,signed_rms_delta,PT,4.6187408863170165e-09,1.4276108194070779e-08,-0.5982580638574495,True
29,5.065515339831291e-09,1.8593397205166326e-08,-0.597011710582506,0.3564229825726499,True,-42.33767044657274,signed_rms_delta,PT,4.005106450297024e-09,1.401223656339518e-08,-0.6001718772415103,True
30,4.936953559107247e-09,1.8593397205166326e-08,-0.5973592533904029,0.3568380776111395,True,-42.45741978315424,signed_rms_delta,PT,1.8793719200201147e-09,1.0649774213447318e-08,-0.6101237068386274,True
31,2.658819359305177e-08,4.109084464380728e-08,-0.5736841546642042,0.32911350931278255,True,-28.263789230782823,signed_rms_delta,PT,7.447459750745704e-09,1.582585197033462e-08,-0.5917510983516423,True
32,9.834147540560138e-08,1.0132152011486203e-07,-0.5539061202255021,0.3068119900232684,True,-24.276855635751136,signed_rms_delta,PT,6.661960128768834e-09,1.582585197033462e-08,-0.593282149058891,True
33,0.00029894915082319883,0.00029894915082319883,-0.3940195823098754,0.15525143124364865,True,-16.393501545034322,signed_rms_delta,PT,8.70094326520476e-05,8.70094326520476e-05,-0.4244838085847163,True
0,7.00135580444548e-08,7.213518101549889e-08,0.5591689356814756,0.31266989863115424,True,115.04871287671736,vector_response_norm,IT,2.2823659740885272e-07,2.3515285793639373e-07,0.5404608996588091,True
1,6.386533429112254e-08,6.785691768431769e-08,0.5605771527258963,0.3142467441582728,True,133.94805466272615,vector_response_norm,IT,2.029125109001655e-07,2.1559454283142586e-07,0.5423747130428701,True
2,2.0038006220474228e-08,2.4331864696290135e-08,0.5777954638292855,0.33384759802169917,True,201.7958641503259,vector_response_norm,IT,5.034337519363358e-08,5.521531472850134e-08,0.5641921856211647,True
3,2.3431084747326228e-08,2.655522938030306e-08,0.5755285426994934,0.33123310346180257,True,261.2750612740229,vector_response_norm,IT,3.429922730594133e-08,3.887245761340017e-08,0.5699336257733475,True
4,2.1325620861490105e-08,2.500245204450564e-08,0.5768950244623967,0.3328078692494693,True,555.8359283462568,vector_response_norm,IT,1.7328478776479816e-08,2.1821047348159766e-08,0.5798854553704644,True
5,1.790971829632985e-08,2.3420400849046724e-08,0.5794121137690924,0.33571839758236766,True,799.6378278705657,vector_response_norm,IT,1.0368707509780209e-08,1.3934964667050801e-08,0.587157946229896,True
6,3.655729367635771e-08,4.009509629019878e-08,0.5689872412842989,0.32374648074431694,True,916.4914011304987,vector_response_norm,IT,3.2570356135156476e-08,3.818593477914897e-08,0.5706991511269719,True
7,1.9277961362120538e-08,2.427595134489253e-08,0.578353177060107,0.3344923974155195,True,1124.3039804188131,vector_response_norm,IT,9.550038547047166e-09,1.3529221274983485e-08,0.5883062342603326,True
8,8.203349899281016e-09,1.1621412357314773e-08,0.5904167150463527,0.34859189740612606,True,1205.2525058058507,vector_response_norm,IT,1.0656149451274143e-08,1.3934964667050801e-08,0.5867751835530838,True
9,1.1624257598570918e-08,1.580899033405645e-08,0.5855546865972813,0.3428742909960403,True,1476.8617961222278,vector_response_norm,IT,1.9794884199605702e-08,2.403664509952121e-08,0.5779716419864035,True
10,2.1086891059588373e-09,3.773443663294761e-09,0.6086314005235787,0.37043218170329284,True,1531.931572175969,vector_response_norm,IT,3.782126393087536e-09,5.845104425680738e-09,0.6009374025951347,True
11,1.1622314257990059e-09,2.3244628515980118e-09,0.6162706121481752,0.37978946739748665,True,1784.9948325354123,vector_response_norm,IT,1.6689525688415098e-09,2.9865467021374384e-09,0.6116547575458762,True
12,3.282323007672335e-09,5.0726810118572455e-09,0.6028228859285737,0.36339543179925415,True,1938.4463687867392,vector_response_norm,IT,5.63011652942424e-09,8.322780956540181e-09,0.5955787251197642,True
13,3.719713659955469e-09,5.498707149499389e-09,0.6011593938370167,0.36139261679848933,True,2107.139630684527,vector_response_norm,IT,3.782126393087536e-09,5.845104425680738e-09,0.6009374025951347,True
14,2.5806367904957255e-09,4.178173851278793e-09,0.605994621173247,0.3672294808909071,True,2377.0228268870546,vector_response_norm,IT,2.5966821214731376e-09,4.414359606504334e-09,0.6059133173936931,True
15,2.2953326524669613e-09,3.902065509193834e-09,0.6075270985277161,0.3690891754455053,True,2375.6591718839304,vector_response_norm,IT,1.4374551589998157e-09,2.715193078110763e-09,0.613568570929937,True
16,1.8442988995558505e-09,3.483675699161051e-09,0.6103671553516391,0.37254806433205195,True,2281.833619422045,vector_response_norm,IT,1.0003901371420865e-09,2.000780274284173e-09,0.6181617230516833,True
17,8.971975330286215e-10,1.906544757685821e-09,0.6195268767887514,0.38381355106362475,True,2404.5615879838406,vector_response_norm,IT,4.759461919353867e-10,1.0113856578626967e-09,0.6273480272951757,True
18,4.045615509905143e-10,9.172014946789312e-10,0.6293181874833336,0.3960413810973082,True,2384.3947067079866,vector_response_norm,IT,2.5974861165955863e-10,6.308180568874995e-10,0.6346205181546073,True
19,2.615798229427307e-10,8.085194527320767e-10,0.6345372344441144,0.40263750189598496,True,2367.8111373567417,vector_response_norm,IT,2.208966675268725e-10,6.164939465305243e-10,0.6365343315386682,True
20,1.4064722038428578e-10,5.003610364084423e-10,0.6417978015665664,0.41190441809567774,True,2325.739626866332,vector_response_norm,IT,1.1811349146771258e-10,4.015858709902228e-10,0.6438068223980998,True
21,3.0068710590461733e-10,8.519468000630824e-10,0.632880279631343,0.4005374483462469,True,2327.883629392705,vector_response_norm,IT,3.050933398051474e-10,6.91544903558334e-10,0.6327067047705464,True
22,3.5202203751660097e-10,9.172014946789312e-10,0.6309937869068106,0.39815315911499755,True,2242.452220570478,vector_response_norm,IT,2.357182736734358e-10,6.164939465305243e-10,0.6357688061850438,True
23,9.837983607707734e-11,5.003610364084423e-10,0.6458944695821311,0.41717966583678256,True,2553.352464561776,vector_response_norm,IT,1.4419147478394037e-10,4.456827402412702e-10,0.6415102463372266,True
24,6.832028259094718e-11,5.003610364084423e-10,0.6500111106699448,0.4225144439943752,True,2419.7228109955386,vector_response_norm,IT,8.15737321969826e-11,4.015858709902228e-10,0.6480172118430338,True
25,5.273249493274593e-11,5.003610364084423e-10,0.6528972726999752,0.4262748486990658,True,2343.902634839472,vector_response_norm,IT,3.2076324395050815e-11,3.6353167647724257e-10,0.6583518041169629,True
26,3.478344265134217e-11,5.003610364084423e-10,0.65747035338371,0.4322672655785005,True,2262.992257867512,vector_response_norm,IT,2.1701073830586948e-11,3.6353167647724257e-10,0.662562193561897,True
27,4.044166332918544e-11,5.003610364084423e-10,0.6558228848450608,0.4301036562864979,True,2094.3218802526108,vector_response_norm,IT,2.1701073830586948e-11,3.6353167647724257e-10,0.662562193561897,True
28,1.4716501070836537e-10,5.003610364084423e-10,0.6412741703723254,0.4112325615867142,True,1890.5302321822023,vector_response_norm,IT,9.98942010354784e-11,4.015858709902228e-10,0.6457206357821608,True
29,1.4174516328708956e-10,5.003610364084423e-10,0.6417079873483357,0.41178914102665176,True,1860.1357935187261,vector_response_norm,IT,9.338840975492945e-11,4.015858709902228e-10,0.6464861611357852,True
30,1.199783703043934e-10,5.003610364084423e-10,0.6436271796320314,0.41425594636108326,True,1906.0383136954101,vector_response_norm,IT,1.142321952822329e-10,4.015858709902228e-10,0.644189585074912,True
31,9.712549200056595e-11,5.003610364084423e-10,0.6460404080125722,0.4173682087850508,True,1362.7300198034486,vector_response_norm,IT,7.621742905571733e-11,4.015858709902228e-10,0.6487827371966582,True
32,4.0464771824070494e-10,9.172014946789312e-10,0.6293156145437371,0.39603814270856147,True,1213.2294243665733,vector_response_norm,IT,1.0683298076510958e-10,4.015858709902228e-10,0.6449551104285364,True
33,5.3645520355543626e-05,5.3645520355543626e-05,0.4356699254841225,0.18980828397134084,True,853.4954567825521,vector_response_norm,IT,3.3927169066942225e-05,3.3927169066942225e-05,0.44591851848619873,True
0,6.200260381699276e-08,6.388147059932586e-08,0.5610292830409266,0.3147538564294161,True,2.5638655208319356,abs_rms_delta,IT,1.6002930116850412e-07,1.6487867393118605e-07,0.5462023398109919,True
1,5.640885597060583e-08,5.993440946876869e-08,0.5624689946549991,0.3163713699482054,True,2.9410382325888755,abs_rms_delta,IT,1.2891316859934094e-07,1.3697024163679976e-07,0.5496472039023016,True
2,2.175728775433854e-08,2.64195637016968e-08,0.576604708693168,0.33247299008713316,True,4.247250599568395,abs_rms_delta,IT,4.908288364263365e-08,5.383284012417884e-08,0.5645749482979769,True
3,2.5332996652732964e-08,2.8710729539764024e-08,0.5743911219060622,0.32992516092450486,True,5.446160353264144,abs_rms_delta,IT,3.2570356135156476e-08,3.691307028651067e-08,0.5706991511269719,True
4,2.3293768852574705e-08,2.730993589612207e-08,0.5756140292651428,0.3313315106868527,True,11.218950816558845,abs_rms_delta,IT,1.82777178512758e-08,2.3016385442347303e-08,0.57911993001684,True
5,1.9629724236661713e-08,2.566963938640378e-08,0.5780925035081294,0.33419094261229654,True,16.10846665254709,abs_rms_delta,IT,9.291112419328727e-09,1.2635912890287068e-08,0.5886889969371448,True
6,4.055943625288836e-08,4.448454298703885e-08,0.5674387974629795,0.32198678886623233,True,18.45371543996159,abs_rms_delta,IT,3.1737311779474054e-08,3.691307028651067e-08,0.5710819138037841,True
7,2.1173350842733282e-08,2.64195637016968e-08,0.5769987686843854,0.33292757906329684,True,22.54993338044295,abs_rms_delta,IT,9.291112419328727e-09,1.2635912890287068e-08,0.5886889969371448,True
8,9.353558548141312e-09,1.3250874609866857e-08,0.5885957631878326,0.3464449724426671,True,24.16628202254415,abs_rms_delta,IT,1.0656149451274143e-08,1.3934964667050801e-08,0.5867751835530838,True
9,1.3618211903516189e-08,1.8520768188782018e-08,0.5833196508867289,0.34026181511061526,True,29.608529373858428,abs_rms_delta,IT,1.9794884199605702e-08,2.403664509952121e-08,0.5779716419864035,True
10,2.2893555818011864e-09,4.096741567433702e-09,0.6075611119400709,0.3691305047418554,True,30.641046536413228,abs_rms_delta,IT,3.5710209344915996e-09,5.781652941557829e-09,0.6017029279487591,True
11,1.3383226106640916e-09,2.6766452213281833e-09,0.6144799043607118,0.3775855528631495,True,35.66734771951849,abs_rms_delta,IT,1.6689525688415098e-09,2.9865467021374384e-09,0.6116547575458762,True
12,3.864604125518608e-09,5.9725700121651205e-09,0.6006493450430737,0.36077963570067334,True,38.68626829065928,abs_rms_delta,IT,5.63011652942424e-09,8.322780956540181e-09,0.5955787251197642,True
13,4.261695179328556e-09,6.299897221616127e-09,0.5993397493618473,0.35920813516512196,True,41.97085499397282,abs_rms_delta,IT,3.782126393087536e-09,5.845104425680738e-09,0.6009374025951347,True
14,2.8674421042390827e-09,4.642525311625181e-09,0.6046091712333473,0.3655522499394751,True,47.44046059958106,abs_rms_delta,IT,2.6735085531195414e-09,4.54496454030322e-09,0.6055305547168811,True
15,2.5639890511837303e-09,4.358781387012341e-09,0.6060794891003944,0.3673323471081951,True,47.52706459953555,abs_rms_delta,IT,1.4811497595419104e-09,2.7977273235791643e-09,0.6131858082531247,True
16,2.05099170894834e-09,3.874095450235753e-09,0.6089917164129469,0.37087091065958716,True,45.82813321882616,abs_rms_delta,IT,9.41204271633841e-10,1.882408543267682e-09,0.6189272484053077,True
17,1.0383812582986592e-09,2.2065601738846507e-09,0.617692830171664,0.38154443244548014,True,48.30744173790173,abs_rms_delta,IT,4.3299751195550463e-10,9.201197129054474e-10,0.6284963153256123,True
18,4.566357648930931e-10,1.035041067091011e-09,0.627851507004676,0.39419751484804266,True,48.02510201942599,abs_rms_delta,IT,2.4348153274008744e-10,5.913122937973552e-10,0.6353860435082316,True
19,3.0374041127116996e-10,8.605978319349816e-10,0.6327597440923487,0.4003848937438146,True,47.86848992971295,abs_rms_delta,IT,2.208966675268725e-10,5.777297458395127e-10,0.6365343315386682,True
20,1.6497808591895044e-10,5.09932265567665e-10,0.6399489690248694,0.40953468295599327,True,47.288739344363016,abs_rms_delta,IT,1.1811349146771258e-10,3.650780645365662e-10,0.6438068223980998,True
21,3.625511670266678e-10,9.48210744531285e-10,0.6306396345204597,0.39770634862809895,True,47.637254677901,abs_rms_delta,IT,2.6826730428129863e-10,6.080725563709436e-10,0.6342377554777952,True
22,3.9512710918752775e-10,9.59594408026853e-10,0.6296031186894453,0.39640008706347574,True,46.339899588399845,abs_rms_delta,IT,2.1382465173368123e-10,5.777297458395127e-10,0.6369170942154804,True
23,1.216601642514984e-10,4.136445584550946e-10,0.6434674525863636,0.4140503625379841,True,53.14697263780204,abs_rms_delta,IT,1.1047325486430823e-10,3.650780645365662e-10,0.6445723477517242,True
24,7.6132571937655e-11,3.606761574092287e-10,0.6487952752987011,0.4209353092499173,True,51.45224804252658,abs_rms_delta,IT,4.551397251840641e-11,2.579125109376363e-10,0.654524177348841,True
25,5.880658346453429e-11,3.606761574092287e-10,0.651686040183462,0.42469469497000084,True,51.065362010605824,abs_rms_delta,IT,2.019921961842992e-11,1.3735469340532347e-10,0.6633277189155213,True
26,2.8214684421658417e-11,3.270838964631509e-10,0.6597413614834947,0.43525866405209523,True,50.66764867228986,abs_rms_delta,IT,1.7489159435328912e-11,1.3735469340532347e-10,0.6648587696227701,True
27,2.512451311672376e-11,3.270838964631509e-10,0.6609916878427478,0.4369100113972045,True,48.36044090694112,abs_rms_delta,IT,1.6268560201229344e-11,1.3735469340532347e-10,0.6656242949763944,True
28,9.547310049067819e-11,3.606761574092287e-10,0.6462354390172813,0.4176202426418583,True,44.94641794541583,abs_rms_delta,IT,8.728972248841528e-11,3.297611738451244e-10,0.6472516864894095,True
29,8.762429969201998e-11,3.606761574092287e-10,0.6472083794854039,0.4188786864761226,True,44.729920388107,abs_rms_delta,IT,8.438536017108046e-11,3.297611738451244e-10,0.6476344491662217,True
30,7.007922412211043e-11,3.606761574092287e-10,0.6497261460819287,0.42214406490247575,True,46.30698788618828,abs_rms_delta,IT,6.649837852301667e-11,3.229921242546524e-10,0.650313787903907,True
31,2.8860343805572133e-11,3.270838964631509e-10,0.6594967921848057,0.4349360189020488,True,37.12508909268429,abs_rms_delta,IT,1.6868267733138976e-11,1.3735469340532347e-10,0.6652415322995824,True
32,5.1068083128648276e-11,3.606761574092287e-10,0.6532525569136476,0.42673890311421836,True,35.54305504629972,abs_rms_delta,IT,1.3564281139724862e-11,1.3735469340532347e-10,0.6675381083604555,True
33,1.264962769465286e-05,1.264962769465286e-05,0.46693113413903503,0.21802468402836553,True,25.801120832286287,abs_rms_delta,IT,2.4456304147698106e-06,2.4456304147698106e-06,0.4991225305630928,True
0,9.715084430176193e-08,9.715084430176193e-08,-0.5540963810282657,0.30702279946862104,True,-2.934606856744119,signed_rms_delta,IT,2.029125109001655e-07,2.029125109001655e-07,-0.5423747130428701,True
1,8.970127368386703e-08,9.241949409852967e-08,-0.5553395788671415,0.308402047856334,True,-3.3704841143178292,signed_rms_delta,IT,1.7189649631338686e-07,1.7710548105015615e-07,-0.5450540517805554,True
2,3.154911198602119e-08,3.698861405257657e-08,-0.5711697088454554,0.32623483630260225,True,-4.840444817695047,signed_rms_delta,IT,4.7852416156030534e-08,5.084319216578244e-08,-0.5649577109747891,True
3,3.827036622029769e-08,4.2817389978616426e-08,-0.5683056458234601,0.3229713070748201,True,-6.25810160040628,signed_rms_delta,IT,4.002471488693822e-08,4.3898074392125794e-08,-0.5676370497124744,True
4,3.903938498050321e-08,4.2817389978616426e-08,-0.568009054178819,0.3226342856291165,True,-12.774142053639373,signed_rms_delta,IT,2.3814569044686795e-08,2.792052922480521e-08,-0.5752923032487183,True
5,2.8741010684211466e-08,3.489979868797106e-08,-0.5725424393090471,0.3278048448099539,True,-18.218042229582633,signed_rms_delta,IT,1.1253965778991568e-08,1.4171660610581975e-08,-0.5860096581994594,True
6,5.133561364456314e-08,5.454408949734833e-08,-0.5638972329547657,0.31798008933404126,True,-20.753999578369186,signed_rms_delta,IT,3.092455326947815e-08,3.504782703874191e-08,-0.5714646764805963,True
7,2.857915318821295e-08,3.489979868797106e-08,-0.5726254012251013,0.32789985012820827,True,-25.48654102935006,signed_rms_delta,IT,8.793188216264988e-09,1.1958735974120384e-08,-0.5894545222907692,True
8,1.427301400520433e-08,1.9411299047077886e-08,-0.5826533926674102,0.33948497598684335,True,-26.90125507915501,signed_rms_delta,IT,9.815830746843533e-09,1.2836086361256929e-08,-0.5879234715835204,True
9,1.8087246882330634e-08,2.3652553615355447e-08,-0.57927045355083,0.33555425835698427,True,-32.925081733438596,signed_rms_delta,IT,1.8770699154842443e-08,2.279299183088011e-08,-0.5787371673400279,True
10,4.446572825038399e-09,7.1992131453002656e-09,-0.5987693035272416,0.3585246788464979,True,-35.52098812096345,signed_rms_delta,IT,3.1820522818812726e-09,4.917717162907421e-09,-0.6032339786560079,True
11,2.821986544696665e-09,5.330419028871479e-09,-0.6048196731355352,0.36580683701177563,True,-39.862418130928944,signed_rms_delta,IT,1.6689525688415098e-09,2.8372193670305665e-09,-0.6116547575458762,True
12,6.531559369301917e-09,9.655348632881094e-09,-0.5935528592854727,0.3523049967659602,True,-43.14612293485088,signed_rms_delta,IT,5.173202342359927e-09,7.328703318343229e-09,-0.5967270131502008,True
13,7.92663304049199e-09,1.1229396807363654e-08,-0.5908910664380249,0.34915225239626635,True,-47.057175307574965,signed_rms_delta,IT,3.371187438249117e-09,4.983494473933478e-09,-0.6024684533023835,True
14,4.889002630237874e-09,7.555731337640351e-09,-0.5974910938909399,0.356995607278992,True,-54.220807214742834,signed_rms_delta,IT,1.935806703725463e-09,3.1341632346031306e-09,-0.6097409441618151,True
15,4.202278210731231e-09,7.143872958243092e-09,-0.5995281030867236,0.35943394639076504,True,-54.19826782490732,signed_rms_delta,IT,1.164318453852783e-09,2.083517233210243e-09,-0.6162479096676223,True
16,3.5681677254146497e-09,6.385142245478846e-09,-0.6017135673845504,0.36205921717464185,True,-53.56666791908672,signed_rms_delta,IT,5.743804493126767e-10,1.0849408487017225e-09,-0.6250514512343026,True
17,1.8422309291531558e-09,3.6844618583063116e-09,-0.61038164720431,0.3725657552438467,True,-58.4644597621316,signed_rms_delta,IT,1.8764441605193412e-10,3.9874438411036e-10,-0.6384481449227292,True
18,8.769369055731033e-10,1.9877236526323676e-09,-0.6198124566364734,0.3841674814017403,True,-59.570808684882564,signed_rms_delta,IT,9.98942010354784e-11,2.2642685568041772e-10,-0.6457206357821608,True
19,6.004271033897291e-10,1.556603385423502e-09,-0.6245069022163356,0.3900088709158438,True,-59.53544308471206,signed_rms_delta,IT,8.438536017108046e-11,2.0493587470119537e-10,-0.6476344491662217,True
20,3.463066764156087e-10,1.070402454375518e-09,-0.631190293545123,0.39840118666557855,True,-58.989029316697305,signed_rms_delta,IT,4.3958873995351993e-11,1.358728832583607e-10,-0.6549069400256533,True
21,6.409543351743832e-10,1.556603385423502e-09,-0.6237029738579899,0.3890053995993004,True,-58.847417951191005,signed_rms_delta,IT,8.438536017108046e-11,2.0493587470119537e-10,-0.6476344491662217,True
22,6.095253590565272e-10,1.556603385423502e-09,-0.6243220001162708,0.38977795982918084,True,-59.45775806033153,signed_rms_delta,IT,6.881028719166864e-11,1.9496248037639448e-10,-0.6499310252270949,True
23,2.33678267878414e-10,7.945061107866074e-10,-0.6358713896165703,0.40433242413290815,True,-65.68223748712634,signed_rms_delta,IT,3.82328960755322e-11,1.2999184665680948e-10,-0.6564379907329021,True
24,1.3215361393768557e-10,4.992469859868122e-10,-0.6425161934641569,0.4128270588636699,True,-64.24802838669646,signed_rms_delta,IT,1.5689344029384873e-11,5.927085522212063e-11,-0.6660070576532067,True
25,9.561360814790378e-11,4.3098362054169457e-10,-0.6462187296411868,0.41759864653906925,True,-62.941662039186305,signed_rms_delta,IT,6.714719916238559e-12,4.101145247371672e-11,-0.674810599219887,True
26,4.122261475272943e-11,3.150723254736508e-10,-0.6556130893505704,0.429828522927799,True,-62.74218717020323,signed_rms_delta,IT,3.518828953170554e-12,2.991004610194971e-11,-0.6813175647256942,True
27,3.4665476228041314e-11,3.150723254736508e-10,-0.6575073703419289,0.4323159420539584,True,-60.661918496654735,signed_rms_delta,IT,2.9005941868285013e-12,2.991004610194971e-11,-0.6832313781097552,True
28,1.0140791071569285e-10,4.3098362054169457e-10,-0.6455493824155124,0.4167340051370495,True,-56.97422788558285,signed_rms_delta,IT,1.2608216615846723e-11,5.358492061734857e-11,-0.6683036337140799,True
29,8.179128024723278e-11,4.3098362054169457e-10,-0.6479871479697121,0.4198873439339216,True,-57.01396931009695,signed_rms_delta,IT,1.1717021996379173e-11,5.358492061734857e-11,-0.6690691590677043,True
30,4.6334165510831e-11,3.150723254736508e-10,-0.6543273222593144,0.42814424465504475,True,-59.35015732374718,signed_rms_delta,IT,7.2373151424205975e-12,4.101145247371672e-11,-0.6740450738662627,True
31,1.4296297821529503e-11,2.4303706296600157e-10,-0.6669862211158859,0.44487061915844944,True,-45.63579511284319,signed_rms_delta,IT,2.482559023136758e-12,2.991004610194971e-11,-0.6847624288170039,True
32,6.430722839110842e-12,2.1864457652976864e-10,-0.6752509694972955,0.45596387180703746,True,-43.68004380595491,signed_rms_delta,IT,9.562958278051188e-13,2.991004610194971e-11,-0.6939487330604964,True
33,1.5414078350373757e-09,3.2754916494544234e-09,-0.6126752783151029,0.37537099665848883,True,-49.64276993302772,signed_rms_delta,IT,5.22952543462995e-10,1.04590508692599e-09,-0.6261997392647393,True
