F,deg_slope,df_den,df_num,layer,p,partial_eta2,q_bh,significant_q05,test
0.0945467088771707,,154,4,0,0.984068203239923,0.0024497426952659346,0.984068203239923,False,deg_categorical_controlling_model
0.21552718800133303,-0.24355363213499598,157,1,0,0.6431124159311394,0.0013709026828094655,0.7053491013438303,False,deg_linear_trend_controlling_model
0.08258304449925875,,150,4,0,0.9876445816660964,0.0021973754279070723,0.9876445816660964,False,model_by_deg_interaction
0.04481480203259122,,75,4,0,0.9961265308110763,0.002384423709657672,0.998697367234306,False,PT_deg_categorical
0.029504642386595167,-0.17849936883186676,78,1,0,0.8640638831335096,0.00037812161594279875,0.8902476371678584,False,PT_deg_linear_trend
1.814707797648676,,75,4,0,0.1348475823807029,0.08824379201033626,0.15393991485174055,False,IT_deg_categorical
3.407714888371078,-0.30860789543812417,78,1,0,0.0686862648165883,0.04185985189542021,0.07076766678072732,False,IT_deg_linear_trend
0.21553710118005054,,154,4,1,0.9294845799678514,0.005567199045095593,0.9576507793608167,False,deg_categorical_controlling_model
0.08593139166135813,0.16653721736883834,157,1,1,0.769801813880794,0.0005470342945423086,0.7931291415741514,False,deg_linear_trend_controlling_model
0.6342395930383184,,150,4,1,0.6388371896972513,0.01663176189709862,0.7483361812906533,False,model_by_deg_interaction
0.3957368853261976,,75,4,1,0.8110932283780425,0.020669712933823026,0.998697367234306,False,PT_deg_categorical
0.3345112058369771,0.6506510601408055,78,1,1,0.5646809599543072,0.004270291608228649,0.8826130115451122,False,PT_deg_linear_trend
1.7431871777417416,,75,4,1,0.14941227029727758,0.0850617896876202,0.15393991485174055,False,IT_deg_categorical
3.6394768446484878,-0.3175766254031281,78,1,1,0.06010524396579484,0.04457986485600369,0.06386182171365702,False,IT_deg_linear_trend
0.3503582123770974,,154,4,2,0.843479043036536,0.009018146253938045,0.8961964832263195,False,deg_categorical_controlling_model
0.4757559367807984,-0.470372490115312,157,1,2,0.4913692748953129,0.0030211376598934725,0.6253311418898578,False,deg_linear_trend_controlling_model
0.3801480913616488,,150,4,2,0.8225630076753849,0.01003554923926873,0.8474891594231239,False,model_by_deg_interaction
0.3422519057773979,,75,4,2,0.8485964499064332,0.01792621988576592,0.998697367234306,False,PT_deg_categorical
0.2106171002106777,-0.6231683548274967,78,1,2,0.6475604872097702,0.002692947684338257,0.8826130115451122,False,PT_deg_linear_trend
1.7431871777417416,,75,4,2,0.14941227029727758,0.0850617896876202,0.15393991485174055,False,IT_deg_categorical
3.6394768446484878,-0.3175766254031281,78,1,2,0.06010524396579484,0.04457986485600369,0.06386182171365702,False,IT_deg_linear_trend
0.48441613849752757,,154,4,3,0.7471564824425032,0.012425891842950124,0.819461948485326,False,deg_categorical_controlling_model
0.42586646811250056,-0.5558720643440732,157,1,3,0.5149785874387064,0.0027051873854463684,0.6253311418898578,False,deg_linear_trend_controlling_model
0.5431015192822397,,150,4,3,0.7043164059206148,0.014275952737632857,0.7483361812906533,False,model_by_deg_interaction
0.49930675213292136,,75,4,3,0.73628348944735,0.025938947233909954,0.998697367234306,False,PT_deg_categorical
0.21810797130732315,-0.7941675032850181,78,1,3,0.6417873097529491,0.0027884587976396975,0.8826130115451122,False,PT_deg_linear_trend
1.7431871777417416,,75,4,3,0.14941227029727758,0.0850617896876202,0.15393991485174055,False,IT_deg_categorical
3.6394768446484878,-0.3175766254031281,78,1,3,0.06010524396579484,0.04457986485600369,0.06386182171365702,False,IT_deg_linear_trend
1.1169414598214102,,154,4,4,0.3506116215151392,0.0281935308144418,0.45849212044287435,False,deg_categorical_controlling_model
2.0352521584087087,-2.0952005359449406,157,1,4,0.15567429351169176,0.012797490687042628,0.264646298969876,False,deg_linear_trend_controlling_model
1.0402102859365252,,150,4,4,0.3885165912408097,0.026990259737012995,0.5080601577764435,False,model_by_deg_interaction
1.0770336036684296,,75,4,4,0.373968502911944,0.054321469625650695,0.7356539301278265,False,PT_deg_categorical
1.749284961427377,-3.872824446486759,78,1,4,0.18983150491204248,0.02193480433427662,0.5867519242735859,False,PT_deg_linear_trend
1.7431871777417416,,75,4,4,0.14941227029727758,0.0850617896876202,0.15393991485174055,False,IT_deg_categorical
3.6394768446484878,-0.3175766254031281,78,1,4,0.06010524396579484,0.04457986485600369,0.06386182171365702,False,IT_deg_linear_trend
1.0449695664685155,,154,4,5,0.38598271526780636,0.026424841842705077,0.48605230811501543,False,deg_categorical_controlling_model
0.8315791224251121,-2.0039324566631964,157,1,5,0.3632143953314738,0.005268775279629447,0.533724651801834,False,deg_linear_trend_controlling_model
0.9910141515987102,,150,4,5,0.414389763533368,0.02574663654471545,0.5218241466716486,False,model_by_deg_interaction
1.0457425359922732,,75,4,5,0.3894638453617905,0.05282663856083815,0.7356539301278265,False,PT_deg_categorical
1.3673994239793719,-4.974273792373294,78,1,5,0.2458202538991829,0.017228729099144934,0.6964907193810183,False,PT_deg_linear_trend
0.5747415942612403,,75,4,5,0.6817973431509867,0.02974123050793709,0.6817973431509867,False,IT_deg_categorical
0.8349184573890057,0.9664088790468992,78,1,5,0.363670034058302,0.01059071885563364,0.363670034058302,False,IT_deg_linear_trend
1.3802504816999301,,154,4,6,0.24332621266212262,0.03460987493880696,0.3596996187179204,False,deg_categorical_controlling_model
0.019615218908332305,-0.36418351569698393,157,1,6,0.888796569119147,0.00012492209257414003,0.888796569119147,False,deg_linear_trend_controlling_model
1.5140737722886697,,150,4,6,0.2009066174436311,0.03880839978736347,0.2969923910036286,False,model_by_deg_interaction
1.1051077158148104,,75,4,6,0.36049802769395,0.05565861095452936,0.7356539301278265,False,PT_deg_categorical
1.1401152882970642,-5.3032523351706695,78,1,6,0.28892157553469633,0.014406287938092762,0.7290157498498446,False,PT_deg_linear_trend
6.5645633329175,,75,4,6,0.00013852644483273565,0.25931963536504554,0.00018114996631973123,True,IT_deg_categorical
10.866630839522731,4.574885303776703,78,1,6,0.0014754056875617193,0.1222802162843999,0.0027975131933417794,True,IT_deg_linear_trend
1.3344279544549742,,154,4,7,0.259645951052735,0.03349936281200533,0.3678317639913746,False,deg_categorical_controlling_model
0.4480120092882717,3.207027836810985,157,1,7,0.5042636470060523,0.0028454599303663636,0.6253311418898578,False,deg_linear_trend_controlling_model
3.0574758171830325,,150,4,7,0.01862545840391016,0.07538624521321094,0.0422177057155297,True,model_by_deg_interaction
2.0575670322706534,,75,4,7,0.09486464855121952,0.09888551742159732,0.268783170895122,False,PT_deg_categorical
0.0021192524977567523,0.43444245220113686,78,1,7,0.9633997423860345,2.7169165633777192e-05,0.9633997423860345,False,PT_deg_linear_trend
7.671372612021075,,75,4,7,3.08553651873096e-05,0.29034723989058775,4.37117673486886e-05,True,IT_deg_categorical
11.315634841894408,5.979613221420831,78,1,7,0.0011939187307954532,0.12669265422482015,0.002537077302940338,True,IT_deg_linear_trend
3.853904275408491,,154,4,8,0.00516559807335647,0.09099289289479139,0.02304869937968366,True,deg_categorical_controlling_model
2.1191664461207234,-8.268828550206084,157,1,8,0.14746242164931572,0.013318109272765034,0.2638801229514071,False,deg_linear_trend_controlling_model
4.953109025659599,,150,4,8,0.000887475762272155,0.11667246850320977,0.00431059655960761,True,model_by_deg_interaction
4.501889948250374,,75,4,8,0.0025844642187722966,0.19361393668513927,0.04393589171912904,True,PT_deg_categorical
6.668640878330919,-27.013037390146334,78,1,8,0.011683744934509872,0.07876163841951563,0.0913332645987129,False,PT_deg_linear_trend
5.56204963540675,,75,4,8,0.0005630745830771926,0.2287774876580741,0.0007090568823935018,True,IT_deg_categorical
9.581538755754604,10.475380289734165,78,1,8,0.0027294992232385186,0.10940135206433613,0.003866790566254568,True,IT_deg_linear_trend
0.7140225917082179,,154,4,9,0.5835385184471562,0.01820834855792626,0.6613436542401103,False,deg_categorical_controlling_model
2.4837954236573445,9.167109868213778,157,1,9,0.11703726587754168,0.015573967355487868,0.23407453175508336,False,deg_linear_trend_controlling_model
2.69471256827716,,150,4,9,0.03310218842570812,0.06704146879268659,0.06252635591522644,False,model_by_deg_interaction
0.765133552711342,,75,4,9,0.5512641770623794,0.03920719018625614,0.9132626237107977,False,PT_deg_categorical
0.052785666004046404,2.4940326387728646,78,1,9,0.8188864508386381,0.0006762816413743609,0.8826130115451122,False,PT_deg_linear_trend
9.772619888779113,,75,4,9,2.0386740879754188e-06,0.3426270071573507,7.188507491072486e-06,True,IT_deg_categorical
14.569572939934412,15.840187097654702,78,1,9,0.00026918383266034534,0.1573905169616389,0.0008320227554956129,True,IT_deg_linear_trend
3.1270707203400767,,154,4,10,0.016597482104480997,0.07512108505900965,0.05643143915523539,False,deg_categorical_controlling_model
2.216355224392732,7.623799778254398,157,1,10,0.13856104590926296,0.01392039920314151,0.26172642005083,False,deg_linear_trend_controlling_model
3.686910521766358,,150,4,10,0.006802506537822772,0.08951655938888421,0.021025929298724932,True,model_by_deg_interaction
0.7454808455873428,,75,4,10,0.5640739734684339,0.038238648817737524,0.9132626237107977,False,PT_deg_categorical
0.8172677581891932,-7.241154202443715,78,1,10,0.3687639097778972,0.010369146018821216,0.7290157498498446,False,PT_deg_linear_trend
9.729673867074615,,75,4,10,2.151397024628952e-06,0.3416357193023584,7.188507491072486e-06,True,IT_deg_categorical
14.148401895746511,22.488753758952516,78,1,10,0.00032508664909808256,0.15353930838381247,0.0009210788391112338,True,IT_deg_linear_trend
2.8124387104287556,,154,4,11,0.027388763429465238,0.06807728612057934,0.07163215050783216,False,deg_categorical_controlling_model
3.9241290038725984,12.172780272517441,157,1,11,0.049344582009525184,0.02438496344931695,0.13980964902698803,False,deg_linear_trend_controlling_model
3.1492267305565536,,150,4,11,0.016091700141462696,0.07747322603283961,0.041440145289009675,True,model_by_deg_interaction
0.17134747699104297,,75,4,11,0.9523965526888493,0.009055775610030254,0.998697367234306,False,PT_deg_categorical
0.21372573880087908,-4.4869444874764755,78,1,11,0.645149757375209,0.002732586087442353,0.8826130115451122,False,PT_deg_linear_trend
9.758463863829972,,75,4,11,2.0751460504545283e-06,0.342300585203084,7.188507491072486e-06,True,IT_deg_categorical
16.398488362759018,28.83250503251136,78,1,11,0.00012016583172022776,0.17371558217905064,0.0008320227554956129,True,IT_deg_linear_trend
2.5722916736780292,,154,4,12,0.04002295600296438,0.06262839420101148,0.09071870027338592,False,deg_categorical_controlling_model
1.3012929124957224,13.61158476843357,157,1,12,0.25571430555632557,0.008220355554613434,0.3951948358597759,False,deg_linear_trend_controlling_model
7.563476178351102,,150,4,12,1.4081536894326311e-05,0.16784049566918818,0.0004787722544070946,True,model_by_deg_interaction
4.876402740483953,,75,4,12,0.0015019040441051758,0.2063963267725143,0.04393589171912904,True,PT_deg_categorical
0.04602259601400587,-4.752546427508663,78,1,12,0.8306945991012821,0.0005896853482493335,0.8826130115451122,False,PT_deg_linear_trend
7.907536264286357,,75,4,12,2.2539043360863605e-05,0.2966341745122277,3.331858583779837e-05,True,IT_deg_categorical
13.865434664851007,31.975715964375787,78,1,12,0.00036926753053199724,0.1509320095793997,0.0009657766183144543,True,IT_deg_linear_trend
2.8342895617817825,,154,4,13,0.02645581188974174,0.06856993532078033,0.07163215050783216,False,deg_categorical_controlling_model
3.3217160918657718,13.793542391349241,157,1,13,0.07027303768539062,0.020719065219850806,0.14933020508145506,False,deg_linear_trend_controlling_model
2.2328127215926776,,150,4,13,0.06813561610894256,0.056195687358908335,0.11583054738520235,False,model_by_deg_interaction
0.27931433458954774,,75,4,13,0.8904957473674829,0.014678108190258785,0.998697367234306,False,PT_deg_categorical
0.17301758892846214,-4.870418673650352,78,1,13,0.6785860130438354,0.002213264810094351,0.8826130115451122,False,PT_deg_linear_trend
6.927219588000665,,75,4,13,8.423194405931766e-05,0.2697807511541419,0.00011455544392067201,True,IT_deg_categorical
12.460265784290732,32.45750345634885,78,1,13,0.0007009224221112493,0.13774297119580842,0.0015887574901188315,True,IT_deg_linear_trend
1.824751725020916,,154,4,14,0.12681055679279812,0.04525140631898012,0.20358901729397436,False,deg_categorical_controlling_model
1.9168345279631003,10.895042178810378,157,1,14,0.16817061519609727,0.01206187207073907,0.2722762341270146,False,deg_linear_trend_controlling_model
2.7467450423877917,,150,4,14,0.030492146132956737,0.06824763193880462,0.06252635591522644,False,model_by_deg_interaction
0.24672718006340125,,75,4,14,0.9107883717984205,0.01298787826580651,0.998697367234306,False,PT_deg_categorical
0.4587256633051344,-8.973764093566713,78,1,14,0.5002240851138219,0.00584671315302383,0.8826130115451122,False,PT_deg_linear_trend
9.551791776481545,,75,4,14,2.6906306189617064e-06,0.3374977758270052,7.188507491072486e-06,True,IT_deg_categorical
14.875699357373854,30.76384845118748,78,1,14,0.0002348521208027221,0.1601678314166342,0.0008320227554956129,True,IT_deg_linear_trend
1.9410828488368606,,154,4,15,0.10637383947318768,0.047997796104826324,0.18083552710441905,False,deg_categorical_controlling_model
5.147932378471668,25.503942025487692,157,1,15,0.024636289596245742,0.031748368930513464,0.08376338462723552,False,deg_linear_trend_controlling_model
4.443442339925551,,150,4,15,0.002014375443754334,0.10593890467821429,0.006848876508764737,True,model_by_deg_interaction
2.432219636786373,,75,4,15,0.05474893310093288,0.11482364353178681,0.20682930282574644,False,PT_deg_categorical
0.7601753961040366,18.352411936232166,78,1,15,0.3859495146263883,0.009651773783907032,0.7290157498498446,False,PT_deg_linear_trend
9.840418632052478,,75,4,15,1.8728843091709633e-06,0.3441858882409112,7.188507491072486e-06,True,IT_deg_categorical
16.593253627972675,32.65547211474316,78,1,15,0.00011040663219048146,0.1754168821936557,0.0008320227554956129,True,IT_deg_linear_trend
1.799377769427104,,154,4,16,0.13173407001374812,0.04465026184082157,0.20358901729397436,False,deg_categorical_controlling_model
3.382536946739975,16.0291913711213,157,1,16,0.06777952855328281,0.0210904317336198,0.14933020508145506,False,deg_linear_trend_controlling_model
2.3657303753685612,,150,4,16,0.05543916965627261,0.059342456618586156,0.09920693517438256,False,model_by_deg_interaction
0.048341209789366006,,75,4,16,0.9955149954511741,0.00257156784473047,0.998697367234306,False,PT_deg_categorical
0.05128343964770514,-3.3686070493590154,78,1,16,0.8214372667285159,0.0006570479995676111,0.8826130115451122,False,PT_deg_linear_trend
9.736024100374047,,75,4,16,2.134335209950512e-06,0.3417824848447771,7.188507491072486e-06,True,IT_deg_categorical
16.76421943882221,35.42698979160157,78,1,16,0.00010251403825788891,0.17690452723714822,0.0008320227554956129,True,IT_deg_linear_trend
2.083165498172773,,154,4,17,0.08563715926529425,0.05133077897204855,0.1532454428957897,False,deg_categorical_controlling_model
4.242196257385672,19.652878675728704,157,1,17,0.04108233635803837,0.02630946709888516,0.12698176692484586,False,deg_linear_trend_controlling_model
1.0439490454374405,,150,4,17,0.38660303031852433,0.0270846415920378,0.5080601577764435,False,model_by_deg_interaction
0.06530065577030723,,75,4,17,0.9920063422556447,0.003470614526177169,0.998697367234306,False,PT_deg_categorical
0.10019714031985089,5.37733016741487,78,1,17,0.7524387818131335,0.0012829306965746867,0.8826130115451122,False,PT_deg_linear_trend
8.824761790282373,,75,4,17,6.79732090096313e-06,0.3200303907391255,1.0504950483306656e-05,True,IT_deg_categorical
15.83281836548348,33.92842718404252,78,1,17,0.00015387618641988463,0.16873433667753504,0.0008320227554956129,True,IT_deg_linear_trend
7.1986342262503396,,154,4,18,2.4331645507334628e-05,0.1575240562028718,0.0002757586490831258,True,deg_categorical_controlling_model
14.147497207593666,49.52437526031717,157,1,18,0.0002381583690831338,0.08266260061304569,0.0026984731176364074,True,deg_linear_trend_controlling_model
0.5702624113643855,,150,4,18,0.6846126726910169,0.014979208842914515,0.7483361812906533,False,model_by_deg_interaction
3.246538320218639,,75,4,18,0.016386585972919487,0.14759314729238585,0.11142878461585251,False,PT_deg_categorical
6.677489395448269,64.06779598899894,78,1,18,0.011630531097033657,0.07885790477636916,0.0913332645987129,False,PT_deg_linear_trend
9.28357940004367,,75,4,18,3.778374759847852e-06,0.33115925967089344,7.509386961032237e-06,True,IT_deg_categorical
15.73391692757369,34.9809545316354,78,1,18,0.00016070625595589034,0.16785724360298496,0.0008320227554956129,True,IT_deg_linear_trend
7.627390605053665,,154,4,19,1.2398981289681316e-05,0.16535491179980202,0.00021078268192458238,True,deg_categorical_controlling_model
15.016182134979909,52.24513586425487,157,1,19,0.00015623288545736703,0.08729517158564079,0.0026559590527752397,True,deg_linear_trend_controlling_model
0.5976407734749907,,150,4,19,0.6648960676792237,0.015687080914760756,0.7483361812906533,False,model_by_deg_interaction
3.4389921984420675,,75,4,19,0.012321471260707156,0.15498640802097924,0.10473250571601082,False,PT_deg_categorical
7.29088392853235,68.24273775982311,78,1,19,0.008496192910498458,0.0854825696805017,0.0913332645987129,False,PT_deg_linear_trend
9.534903578284007,,75,4,19,2.7485469818806564e-06,0.33710221255993666,7.188507491072486e-06,True,IT_deg_categorical
15.19945066702067,36.24753396868661,78,1,19,0.0002034266501686228,0.16308519587014167,0.0008320227554956129,True,IT_deg_linear_trend
2.413079349768558,,154,4,20,0.051370908814098774,0.05898063377579054,0.1091631812299599,False,deg_categorical_controlling_model
5.566982161138882,23.452041039152224,157,1,20,0.01953237367665005,0.034244236358037354,0.08301258812576272,False,deg_linear_trend_controlling_model
1.233349740435867,,150,4,20,0.2991775569933214,0.03184206242684726,0.42383487240720524,False,model_by_deg_interaction
0.09305598635505476,,75,4,20,0.9843771778962898,0.004938476350250192,0.998697367234306,False,PT_deg_categorical
0.35172044035460964,10.359812886586727,78,1,20,0.5548565526630251,0.00448899447743917,0.8826130115451122,False,PT_deg_linear_trend
9.381145650501395,,75,4,20,3.3383272743930257e-06,0.3334789761871711,7.509386961032237e-06,True,IT_deg_categorical
15.14511820385467,36.54426919171774,78,1,20,0.00020838085520561475,0.1625970152371111,0.0008320227554956129,True,IT_deg_linear_trend
7.873752856993308,,154,4,21,8.43185945684042e-06,0.16978899424582417,0.00021078268192458238,True,deg_categorical_controlling_model
15.711859427020945,55.313038886663605,157,1,21,0.00011173760220846427,0.09097151451640738,0.0026559590527752397,True,deg_linear_trend_controlling_model
0.6218112052855351,,150,4,21,0.647643486267605,0.01631116638024066,0.7483361812906533,False,model_by_deg_interaction
3.5933889996868764,,75,4,21,0.009805575436663263,0.16082560258594766,0.10473250571601082,False,PT_deg_categorical
7.672825037918954,72.25020203031735,78,1,21,0.007003390157116094,0.08955961280047608,0.0913332645987129,False,PT_deg_linear_trend
9.212031843809761,,75,4,21,4.138485606934863e-06,0.32944787042895535,7.509386961032237e-06,True,IT_deg_categorical
15.30679270700403,38.375875743009814,78,1,21,0.0001939928479114212,0.16404799975355958,0.0008320227554956129,True,IT_deg_linear_trend
2.3415289957893006,,154,4,22,0.057436320542624306,0.057332060120244485,0.11487264108524861,False,deg_categorical_controlling_model
5.219186734288868,22.606022486241635,157,1,22,0.02367847313784192,0.03217367094089659,0.08376338462723552,False,deg_linear_trend_controlling_model
1.80939443601956,,150,4,22,0.1299256640167141,0.04602956779109259,0.21035583697944188,False,model_by_deg_interaction
0.0338181791611841,,75,4,22,0.9977602064762564,0.0018003889751606556,0.998697367234306,False,PT_deg_categorical
0.12795209277211347,6.015722598510926,78,1,22,0.7215310268774625,0.0016377249031201827,0.8826130115451122,False,PT_deg_linear_trend
9.10083039581736,,75,4,22,4.769365915956938e-06,0.3267705223318628,7.721830530596947e-06,True,IT_deg_categorical
14.733219879161714,39.19632237397235,78,1,22,0.0002502308906541808,0.15887747560540003,0.0008320227554956129,True,IT_deg_linear_trend
3.1737124908798706,,154,4,23,0.015405172501513445,0.0761562217806831,0.05643143915523539,False,deg_categorical_controlling_model
3.728739718866779,23.333182780472892,157,1,23,0.05528545546373118,0.023198960717223174,0.14459272967437387,False,deg_linear_trend_controlling_model
3.544005700143469,,150,4,23,0.008556243688133399,0.08634648689104633,0.024242690449711297,True,model_by_deg_interaction
0.025643672862240556,,75,4,23,0.998697367234306,0.001365794606514884,0.998697367234306,False,PT_deg_categorical
0.05446836103519811,4.160621553477535,78,1,23,0.8160741912807743,0.0006978250211539295,0.8826130115451122,False,PT_deg_linear_trend
9.201119256039116,,75,4,23,4.196422125282721e-06,0.3291860755826843,7.509386961032237e-06,True,IT_deg_categorical
6.934333704877591,42.505744007468245,78,1,23,0.010191678658665222,0.0816434697536147,0.012833965718319169,True,IT_deg_linear_trend
2.1819632684618555,,154,4,24,0.07355900972146048,0.0536346600104571,0.13894479614053645,False,deg_categorical_controlling_model
0.3078412484430609,9.585427912417561,157,1,24,0.5797974974215432,0.0019569351788184157,0.673906199157294,False,deg_linear_trend_controlling_model
6.048361989392457,,150,4,24,0.00015381410536154024,0.13888839242370862,0.0013863456780345903,True,model_by_deg_interaction
3.018171889448614,,75,4,24,0.02299185294003981,0.13865068250915324,0.13028716666022558,False,PT_deg_categorical
0.913746497089901,-28.63277280953554,78,1,24,0.34207563654325457,0.01157905355721005,0.7290157498498446,False,PT_deg_linear_trend
9.125669064657092,,75,4,24,4.6203934501075685e-06,0.32737040476016105,7.721830530596947e-06,True,IT_deg_categorical
8.563750797291668,47.80362863437065,78,1,24,0.004490550590720754,0.09892998764974499,0.005872258464788679,True,IT_deg_linear_trend
3.9318143321843078,,154,4,25,0.0045559478636579215,0.09266194232005882,0.02304869937968366,True,deg_categorical_controlling_model
7.114527634302211,35.084795342892704,157,1,25,0.008447797977211,0.04335099236403722,0.04103216160359629,True,deg_linear_trend_controlling_model
3.11245008797999,,150,4,25,0.017063589236651043,0.07663783104041727,0.041440145289009675,True,model_by_deg_interaction
0.26239762737853256,,75,4,25,0.9011727705266457,0.013801395937599714,0.998697367234306,False,PT_deg_categorical
0.7746897792938033,17.238850224785818,78,1,25,0.3814739536022842,0.009834247287603196,0.7290157498498446,False,PT_deg_linear_trend
9.275556842310355,,75,4,25,3.81710358183593e-06,0.33096779823146955,7.509386961032237e-06,True,IT_deg_categorical
9.193795163520958,52.930740460999594,78,1,25,0.003295691459477955,0.10544093356963251,0.004482140384890019,True,IT_deg_linear_trend
1.1189670846877366,,154,4,26,0.3496553682540311,0.028243216999975857,0.45849212044287435,False,deg_categorical_controlling_model
0.4362009357935189,-15.503210384950021,157,1,26,0.5099296884357956,0.0027706520685888037,0.6253311418898578,False,deg_linear_trend_controlling_model
4.865252623744519,,150,4,26,0.001022047661484977,0.11484063760822906,0.004343702561311152,True,model_by_deg_interaction
2.159559522509747,,75,4,26,0.08173615233571412,0.10328096678387311,0.268783170895122,False,PT_deg_categorical
4.265035878462808,-86.87888357971525,78,1,26,0.04222658964616987,0.05184506191383556,0.23390835970373683,False,PT_deg_linear_trend
9.257775853335419,,75,4,26,3.904396490007809e-06,0.3305430571072254,7.509386961032237e-06,True,IT_deg_categorical
9.822902806145471,55.872462809815154,78,1,26,0.0024289952732421773,0.11184898804618089,0.0035906886647927836,True,IT_deg_linear_trend
3.8237022069680573,,154,4,27,0.005423223383454978,0.09034422811760862,0.02304869937968366,True,deg_categorical_controlling_model
13.183731818517625,55.32428009998116,157,1,27,0.00038176953895954356,0.07746763852009449,0.0026984731176364074,True,deg_linear_trend_controlling_model
1.6681241212456424,,150,4,27,0.1603364586133334,0.04258881829729537,0.24779270876606072,False,model_by_deg_interaction
0.8547483637212537,,75,4,27,0.49519326171675626,0.04359904793794612,0.8861353104405113,False,PT_deg_categorical
2.527714934053681,36.23955004944278,78,1,27,0.11590740622975088,0.03138937862726758,0.394085181181153,False,PT_deg_linear_trend
5.4522972054573176,,75,4,27,0.0006580603628242966,0.2252801525066758,0.0007990732977152173,True,IT_deg_categorical
13.647144353712767,74.40901015051946,78,1,27,0.00040756033521702835,0.1489096517949487,0.0009897893855270689,True,IT_deg_linear_trend
0.9538527887498076,,154,4,28,0.43470772801909296,0.024176416783858356,0.5278593840231843,False,deg_categorical_controlling_model
0.2843423985569497,-14.015769855353524,157,1,28,0.5946231169034947,0.00180782393352562,0.673906199157294,False,deg_linear_trend_controlling_model
4.752349818893072,,150,4,28,0.0012254683917534573,0.11247539697231387,0.004629547257735283,True,model_by_deg_interaction
1.9912593106315084,,75,4,28,0.10447329446466616,0.09600474497760283,0.2732378470614346,False,PT_deg_categorical
3.714269870051884,-91.29477702763245,78,1,28,0.05759043332543568,0.045454360370087044,0.24475934163310165,False,PT_deg_linear_trend
9.60439800852579,,75,4,28,2.5181043535954532e-06,0.338726923620028,7.188507491072486e-06,True,IT_deg_categorical
10.420801141086018,63.26323731692544,78,1,28,0.0018234940531179488,0.11785463382601995,0.0028181271730004665,True,IT_deg_linear_trend
4.961870303890524,,154,4,29,0.0008648604942687072,0.11416605565284102,0.005881051361027209,True,deg_categorical_controlling_model
13.068893174791091,57.330750264380576,157,1,29,0.00040397305353642135,0.07684470058471729,0.0026984731176364074,True,deg_linear_trend_controlling_model
2.721708282689134,,150,4,29,0.03172182891661605,0.06766764513233067,0.06252635591522644,False,model_by_deg_interaction
1.2200536520363738,,75,4,29,0.3094984569479866,0.06109415995043976,0.7015298357487697,False,PT_deg_categorical
4.030142188742072,49.90499687719196,78,1,29,0.04815760346841641,0.04913001588451683,0.23390835970373683,False,PT_deg_linear_trend
9.594101524875736,,75,4,29,2.5509575147039717e-06,0.3384867047719128,7.188507491072486e-06,True,IT_deg_categorical
10.668591002695969,64.75650365156915,78,1,29,0.00162064086665526,0.12031984361149475,0.0027975131933417794,True,IT_deg_linear_trend
0.915736906991449,,154,4,30,0.4564042766424887,0.023232773984469598,0.5350946691670557,False,deg_categorical_controlling_model
0.13119361943682803,-9.953214358939901,157,1,30,0.7176847277113575,0.0008349304578858595,0.7625400231933174,False,deg_linear_trend_controlling_model
4.956320472148214,,150,4,30,0.0008829086323037978,0.11673928444646095,0.00431059655960761,True,model_by_deg_interaction
1.9268885413340162,,75,4,30,0.114696005708678,0.09319044968889206,0.27854744243536084,False,PT_deg_categorical
3.313077461768822,-89.50043288469668,78,1,30,0.07256669889625739,0.04074470632754664,0.27414086249697234,False,PT_deg_linear_trend
10.100520035270973,,75,4,30,1.354839490535263e-06,0.35009836990538346,7.188507491072486e-06,True,IT_deg_categorical
10.533836534467829,69.59400416681692,78,1,30,0.0017278757958875696,0.11898091110472565,0.0027975131933417794,True,IT_deg_linear_trend
2.99264928214419,,154,4,31,0.020567289052973572,0.07212480605406985,0.06357162070919103,False,deg_categorical_controlling_model
3.5239831063648484,41.54930162698098,157,1,31,0.062342072485976625,0.021953000655545785,0.14933020508145506,False,deg_linear_trend_controlling_model
6.011557667782817,,150,4,31,0.0001630994915334812,0.1381600197741012,0.0013863456780345903,True,model_by_deg_interaction
2.8496299340878783,,75,4,31,0.029521281861322246,0.13192957207061584,0.14338908332642233,False,PT_deg_categorical
0.050179633812957036,8.434619364175429,78,1,31,0.8233367026279057,0.0006429150329747374,0.8826130115451122,False,PT_deg_linear_trend
10.668759965534417,,75,4,31,6.737055608588968e-07,0.3626515861998743,7.188507491072486e-06,True,IT_deg_categorical
10.59390087687494,74.66398388978648,78,1,31,0.0016791967796625262,0.1195782189520926,0.0027975131933417794,True,IT_deg_linear_trend
2.738008363121109,,154,4,32,0.030815477034145458,0.0663952618422206,0.07483758708292468,False,deg_categorical_controlling_model
0.7857410563068279,19.31842478297762,157,1,32,0.37674681303658875,0.004979797610649946,0.533724651801834,False,deg_linear_trend_controlling_model
6.500074886381474,,150,4,32,7.505738168609252e-05,0.1477287232616352,0.0012759754886635729,True,model_by_deg_interaction
2.5457340774440715,,75,4,32,0.04629978161791453,0.11954197343872976,0.19677407187613674,False,PT_deg_categorical
1.0255539922813592,-36.49090540860694,78,1,32,0.31433634829045864,0.012977498296076834,0.7290157498498446,False,PT_deg_linear_trend
11.90206338916119,,75,4,32,1.5393888410588326e-07,0.38829566669139326,5.233922059600031e-06,True,IT_deg_categorical
10.574006919296522,75.12775497456218,78,1,32,0.0016951603144566279,0.1193804738779735,0.0027975131933417794,True,IT_deg_linear_trend
5.533156090925598,,154,4,33,0.00034500715256060785,0.12565885760039527,0.0029325607967651667,True,deg_categorical_controlling_model
12.735507867352867,50.19899419523676,157,1,33,0.0004762011384064248,0.07503148885798003,0.0026984731176364074,True,deg_linear_trend_controlling_model
5.616864292153553,,150,4,33,0.0003062212506282326,0.13027070461558857,0.0020823045042719815,True,model_by_deg_interaction
2.0749078631089284,,75,4,33,0.0924964848849977,0.09963587242489569,0.268783170895122,False,PT_deg_categorical
6.399414162235031,49.204735053948546,78,1,33,0.01343136244098719,0.07582296898333783,0.0913332645987129,False,PT_deg_linear_trend
10.840395248446884,,75,4,33,5.468075285479764e-07,0.36634844372401093,7.188507491072486e-06,True,IT_deg_categorical
6.266969476188384,51.193253336524954,78,1,33,0.014389960902295041,0.07437041482735728,0.017473523952786837,True,IT_deg_linear_trend
